Sex,人数,平均年龄,平均票价
female,152,29.734144736842108,49.747698684210526
male,264,29.457992424242423,27.686899999999998
